{
  "train_loss": [
    0.9088187392552693,
    0.6600583269099395,
    0.6297911844551564,
    0.5832387277930975,
    0.5412598813424507,
    0.5433694435705742,
    0.5320487753599882,
    0.5012479608803988,
    0.510870718486607,
    0.5152034698848923,
    0.4947951336093247,
    0.48889683512598275,
    0.47824994059155385,
    0.4693862933764855,
    0.47255076868832113,
    0.48064326707894606,
    0.47265085647006827,
    0.4597661185959975,
    0.455923173862199,
    0.4472836671893795,
    0.4633134563093384,
    0.43864665633191663,
    0.4578194565922022,
    0.4443614095275601,
    0.4402881121908625,
    0.43649736190090577,
    0.4431027702664336,
    0.43520880946020285,
    0.4243030537913243,
    0.423138604901731,
    0.434813552459081,
    0.41926393496493497,
    0.41442908588051797,
    0.4025900820617874,
    0.4203246129701535,
    0.41086056911200286,
    0.3982941386376818,
    0.4045339215795199,
    0.394463585237662,
    0.40938786541298033,
    0.41367994945744674,
    0.40972030627479156,
    0.4007848333741228,
    0.4207101732417941,
    0.40192133527249096,
    0.39274992446104684,
    0.38895330584421756,
    0.398731944685181,
    0.4016351645079752,
    0.3775909272842109,
    0.3922442096856733,
    0.3912352560274303,
    0.3767891965657473,
    0.3731741885927816,
    0.3762181194163859,
    0.3801556737373273,
    0.3781150110649566,
    0.36396087217951817,
    0.34893376695364714,
    0.3725576474815607,
    0.3638918040742477,
    0.3697631218073269,
    0.3733545674073199,
    0.34561952176814276,
    0.3587214590298633,
    0.34537667872880895,
    0.37273046832034984,
    0.34567969327047465,
    0.35546832776566345,
    0.3423699095671376,
    0.3518281982963284
  ],
  "train_acc": [
    0.6537291666666667,
    0.7406041666666666,
    0.7433541666666666,
    0.7747083333333333,
    0.7827083333333333,
    0.7692083333333334,
    0.7785,
    0.7954583333333334,
    0.7966666666666666,
    0.7937083333333333,
    0.7997291666666667,
    0.7948125,
    0.8037083333333334,
    0.799125,
    0.8014583333333334,
    0.7990208333333333,
    0.7978958333333334,
    0.8064583333333334,
    0.8031875,
    0.803,
    0.811,
    0.8139791666666667,
    0.8157916666666667,
    0.8173958333333333,
    0.8149791666666667,
    0.8165416666666667,
    0.8181875,
    0.8116666666666666,
    0.8163125,
    0.8234583333333333,
    0.8100625,
    0.8189375,
    0.8243125,
    0.821,
    0.8222708333333333,
    0.8276458333333333,
    0.8243125,
    0.8295,
    0.8256458333333333,
    0.8309166666666666,
    0.8236875,
    0.8235625,
    0.8268333333333333,
    0.8285,
    0.8356666666666667,
    0.8263958333333333,
    0.8326666666666667,
    0.8294166666666667,
    0.82925,
    0.8222708333333333,
    0.8229791666666667,
    0.8370833333333333,
    0.8394791666666667,
    0.8367916666666667,
    0.8314166666666667,
    0.833125,
    0.8464583333333333,
    0.8406666666666667,
    0.8392708333333333,
    0.8350833333333333,
    0.848625,
    0.8361041666666666,
    0.8365833333333333,
    0.8450208333333333,
    0.8464583333333333,
    0.8434583333333333,
    0.8412291666666667,
    0.8465208333333333,
    0.8492291666666667,
    0.8420208333333333,
    0.8482083333333333
  ],
  "val_loss": [
    0.48573606443405154,
    0.3968469601670901,
    0.3665774084329605,
    0.3322635886669159,
    0.3273940705259641,
    0.2945288564364115,
    0.30909909822543463,
    0.28031894317269324,
    0.26962654864788055,
    0.28147405964136124,
    0.2924206569194794,
    0.2744275582234065,
    0.2732479504942894,
    0.27596891846259436,
    0.2630325097242991,
    0.24957937422394752,
    0.2469971369902293,
    0.264538080573082,
    0.28351181995868685,
    0.24811459960540136,
    0.257486489534378,
    0.23512524345517158,
    0.23120264557997386,
    0.23748550007740657,
    0.24357685295740764,
    0.2492281245191892,
    0.2282397829244534,
    0.22381432980298996,
    0.234436580936114,
    0.23504896988968055,
    0.23763837098081905,
    0.2456370021601518,
    0.2267466063896815,
    0.23264335869749386,
    0.21791243363420168,
    0.22236134200294813,
    0.22769585313399632,
    0.22811062077681224,
    0.2173211111774047,
    0.2167637944072485,
    0.2111511321266492,
    0.22235119350751242,
    0.21029465548694135,
    0.23204396014412243,
    0.227710141847531,
    0.2105256903866927,
    0.20992649993300438,
    0.20880561276773613,
    0.20854914964238802,
    0.20209050290783245,
    0.20367038322985173,
    0.2064999276449283,
    0.21026279522975286,
    0.2026018665730953,
    0.1961472072949012,
    0.19712635831534864,
    0.20273713865876197,
    0.20015252104401587,
    0.1961165433675051,
    0.19407231086492538,
    0.1914328968177239,
    0.19352104355891545,
    0.19108098868032297,
    0.19203684456646442,
    0.19102196866770585,
    0.1926460994978746,
    0.19333086661497753,
    0.1910727787911892,
    0.19184266913930575,
    0.19001354716718197,
    0.18990147981544336
  ],
  "val_acc": [
    0.81975,
    0.8574166666666667,
    0.8764166666666666,
    0.8815,
    0.8869166666666667,
    0.8919166666666667,
    0.88875,
    0.9025833333333333,
    0.90525,
    0.9085833333333333,
    0.89425,
    0.9070833333333334,
    0.9033333333333333,
    0.9025,
    0.9118333333333334,
    0.91425,
    0.9110833333333334,
    0.9081666666666667,
    0.9061666666666667,
    0.9178333333333333,
    0.90625,
    0.9191666666666667,
    0.9183333333333333,
    0.9183333333333333,
    0.9151666666666667,
    0.91275,
    0.9218333333333333,
    0.921,
    0.9166666666666666,
    0.9204166666666667,
    0.9198333333333333,
    0.9135833333333333,
    0.9225833333333333,
    0.9206666666666666,
    0.92525,
    0.9225833333333333,
    0.92,
    0.9230833333333334,
    0.9280833333333334,
    0.92775,
    0.9291666666666667,
    0.9269166666666667,
    0.9303333333333333,
    0.9254166666666667,
    0.9205833333333333,
    0.9259166666666667,
    0.9298333333333333,
    0.9304166666666667,
    0.9310833333333334,
    0.931,
    0.9304166666666667,
    0.9335,
    0.9308333333333333,
    0.93025,
    0.9345833333333333,
    0.9355833333333333,
    0.93425,
    0.9343333333333333,
    0.9318333333333333,
    0.9349166666666666,
    0.9368333333333333,
    0.9335833333333333,
    0.9359166666666666,
    0.9356666666666666,
    0.9364166666666667,
    0.93725,
    0.9365833333333333,
    0.9364166666666667,
    0.9359166666666666,
    0.9371666666666667,
    0.93725
  ],