{
  "train_loss": [
    0.7240655926913023,
    0.5654369795198242,
    0.517150268467764,
    0.5053171000455816,
    0.4576163602595528,
    0.464417695718507,
    0.4523154287201663,
    0.465972561425219,
    0.4497645025451978,
    0.42357853178183236,
    0.40873603376063206,
    0.40578216399252415,
    0.41454338986302414,
    0.430035938244313,
    0.40130948221931856,
    0.41179399702697994,
    0.3801288349336634,
    0.3929573571247359,
    0.40742881690338256,
    0.3849946738655369,
    0.3837401971487949,
    0.3667128563939283
  ],
  "train_acc": [
    0.6957916666666667,
    0.7628541666666667,
    0.7804791666666666,
    0.7894791666666666,
    0.7972083333333333,
    0.7823958333333333,
    0.7989375,
    0.7990833333333334,
    0.8092916666666666,
    0.8102291666666667,
    0.8188958333333334,
    0.81,
    0.8065833333333333,
    0.7950833333333334,
    0.8154166666666667,
    0.818625,
    0.8319583333333334,
    0.8191458333333334,
    0.8224166666666667,
    0.8203125,
    0.8272291666666667,
    0.8246041666666667
  ],
  "val_loss": [
    0.32402671480178835,
    0.2760329425136248,
    0.24714426061511038,
    0.25040775967637696,
    0.24551855914791426,
    0.22594481755793094,
    0.22006055582563083,
    0.2367446959813436,
    0.2193519801199436,
    0.21286830237011115,
    0.207659875869751,
    0.20339086460570494,
    0.20331992611040672,
    0.2055497549821933,
    0.20891939614713192,
    0.20545031721889973,
    0.19842015732824803,
    0.20937075006465117,
    0.21751191585759322,
    0.20626597175002098,
    0.20931584251920382,
    0.2117071563055118
  ],
  "val_acc": [
    0.8935,
    0.9014166666666666,
    0.91975,
    0.9154166666666667,
    0.926,
    0.9244166666666667,
    0.92725,
    0.926,
    0.9291666666666667,
    0.9275833333333333,
    0.9300833333333334,
    0.9336666666666666,
    0.9299166666666666,
    0.9306666666666666,
    0.93025,
    0.9305,
    0.9341666666666667,
    0.9331666666666667,
    0.9301666666666667,
    0.9319166666666666,
    0.9314166666666667,
    0.9310833333333334
  ],
  "learning_rates": [
    0.001,
    0.0009990133642141358,
    0.000996057350657239,
    0.0009911436253643444,
    0.0009842915805643156,
    0.0009755282581475769,
    0.0009648882429441258,
    0.0009524135262330099,
    0.0009381533400219318,
    0.0009221639627510075,
    0.0009045084971874736,
    0.0008852566213878945,
    0.0008644843137107056,
    0.0008422735529643443,
    0.0008187119948743448,
    0.0007938926261462366,
    0.0007679133974894982,
    0.0007408768370508576,
    0.0007128896457825362,
    0.0006840622763423389,
    0.0006545084971874735,
    0.0006243449435824271
  ],
  "test_loss": 0.21668092107858522,
  "test_acc": 0.9290135782747604
}