{
  "train_loss": [
    0.8582379890084266,
    0.6514580550591151,
    0.5968673323939244,
    0.5823414611518383,
    0.5539127332965533,
    0.5447617552429438,
    0.5293843069672585,
    0.5157512314319611,
    0.4994501983548204,
    0.4919928880085548,
    0.4973124349365632,
    0.48343826999763645,
    0.46811762292683123,
    0.45678539625306924,
    0.45153332855304085,
    0.4513906376250088,
    0.4435626390849551,
    0.4163128086005648,
    0.42594580571850144,
    0.42389138201375803,
    0.42789468069002035,
    0.4240530251314243,
    0.4128525877445936,
    0.40097109518075985,
    0.4117987184946736,
    0.40567579966783524,
    0.40122934336587784,
    0.39415639339759945,
    0.3921464135609567,
    0.3986497455611825,
    0.39982335203389324,
    0.39682842025657494,
    0.38020431815087796
  ],
  "train_acc": [
    0.6684375,
    0.740875,
    0.759375,
    0.7761458333333333,
    0.7781458333333333,
    0.7794583333333334,
    0.7921666666666667,
    0.7896041666666667,
    0.790625,
    0.7916875,
    0.784,
    0.7997916666666667,
    0.8008541666666666,
    0.802125,
    0.80325,
    0.8019375,
    0.8130833333333334,
    0.8174375,
    0.8093541666666667,
    0.812125,
    0.8040208333333333,
    0.8096666666666666,
    0.8126041666666667,
    0.8251458333333334,
    0.8185833333333333,
    0.8156041666666667,
    0.7998333333333333,
    0.8170625,
    0.8248333333333333,
    0.827375,
    0.8271458333333334,
    0.8178958333333334,
    0.8205833333333333
  ],
  "val_loss": [
    0.4682497902313868,
    0.4190759853323301,
    0.3898895494937897,
    0.4688734172185262,
    0.3737349625825882,
    0.3864970650275548,
    0.3342280041774114,
    0.41198711887995404,
    0.34265694363911947,
    0.3516893221139908,
    0.3227275568246841,
    0.3373463564316432,
    0.30910905518134435,
    0.2915494463145733,
    0.3076129860281944,
    0.271006561199824,
    0.3293206790884336,
    0.26921650816003484,
    0.27407459872961043,
    0.3455547028084596,
    0.2480219752540191,
    0.2416250889102618,
    0.22976623007655145,
    0.32462964552640916,
    0.26760226261615755,
    0.2625699035823345,
    0.2732663070758184,
    0.2763267195324103,
    0.2615411759316921,
    0.247543573230505,
    0.26057446251312893,
    0.2655706498324871,
    0.26283381577332815
  ],
  "val_acc": [
    0.82625,
    0.8410833333333333,
    0.8653333333333333,
    0.8323333333333334,
    0.8625833333333334,
    0.86475,
    0.8794166666666666,
    0.84925,
    0.8780833333333333,
    0.8760833333333333,
    0.89,
    0.8784166666666666,
    0.8891666666666667,
    0.8945833333333333,
    0.89,
    0.90625,
    0.8880833333333333,
    0.90075,
    0.9086666666666666,
    0.875,
    0.9081666666666667,
    0.9125,
    0.919,
    0.8860833333333333,
    0.9070833333333334,
    0.91,
    0.8999166666666667,
    0.8994166666666666,
    0.90575,
    0.91175,
    0.9061666666666667,
    0.9006666666666666,
    0.9059166666666667
  ],
  "learning_rates": [
    0.001,
    0.0009995614150494292,
    0.0009982464296247522,
    0.000996057350657239,
    0.0009929980185352525,
    0.0009890738003669028,
    0.0009842915805643154,
    0.0009786597487660333,
    0.0009721881851187403,
    0.0009648882429441254,
    0.0009567727288213001,
    0.0009478558801197062,
    0.0009381533400219316,
    0.0009276821300802532,
    0.0009164606203550496,
    0.0009045084971874736,
    0.0008918467286629198,
    0.0008784975278258781,
    0.0008644843137107056,
    0.0008498316702566826,
    0.0008345653031794289,
    0.0008187119948743447,
    0.0008022995574311873,
    0.0007853567838422157,
    0.000767913397489498,
    0.0007499999999999997,
    0.0007316480175599306,
    0.000712889645782536,
    0.0006937577932260512,
    0.0006742860236609074,
    0.0006545084971874735,
    0.0006344599103076326,
    0.0006141754350553277
  ],
  "test_loss": 0.24617554331882693,
  "test_acc": 0.9146365814696485
}