{
  "train_loss": [
    0.7072380094528198,
    0.575663812443614,
    0.56282401274393,
    0.511007024295628,
    0.4852764687687159,
    0.4818493252620101,
    0.46363906348869205,
    0.4471020911447704,
    0.4184729359721144,
    0.41569275680308543,
    0.3870717157603552,
    0.4019434157939007,
    0.38339248914147417,
    0.37384556282528986,
    0.3535149976710478,
    0.3533805084169532,
    0.35295621883682904,
    0.34254645235898595,
    0.3345604355353862,
    0.34210393935224664,
    0.33054382214214034,
    0.3170978964928848
  ],
  "train_acc": [
    0.714375,
    0.7481666666666666,
    0.7602916666666667,
    0.7704791666666667,
    0.7624583333333333,
    0.7645,
    0.782875,
    0.797625,
    0.7967708333333333,
    0.8033541666666667,
    0.797625,
    0.790625,
    0.81,
    0.81175,
    0.8088541666666667,
    0.8119166666666666,
    0.8139791666666667,
    0.8141666666666667,
    0.81775,
    0.8310416666666667,
    0.8126666666666666,
    0.8372291666666667
  ],
  "val_loss": [
    0.3228347487250964,
    0.31750120357672373,
    0.26011450198292735,
    0.2621805777649085,
    0.2571188027560711,
    0.2481055278480053,
    0.22755378141005833,
    0.23249770472447076,
    0.22940758676330247,
    0.23040011729796728,
    0.24047373110055922,
    0.21558066778381665,
    0.21835618841648102,
    0.24886996042728424,
    0.21930894299348194,
    0.22296275188028813,
    0.20465399040281773,
    0.21765859692295392,
    0.21734098088741302,
    0.23151298372944196,
    0.2250487417578697,
    0.21844326026240984
  ],
  "val_acc": [
    0.8956666666666667,
    0.8925833333333333,
    0.9138333333333334,
    0.9134166666666667,
    0.9199166666666667,
    0.9176666666666666,
    0.9246666666666666,
    0.9231666666666667,
    0.9244166666666667,
    0.9230833333333334,
    0.9170833333333334,
    0.9285833333333333,
    0.9319166666666666,
    0.9238333333333333,
    0.9319166666666666,
    0.92825,
    0.93225,
    0.929,
    0.93075,
    0.93,
    0.9276666666666666,
    0.9325833333333333
  ],
  "learning_rates": [
    0.001,
    0.0009990133642141358,
    0.000996057350657239,
    0.0009911436253643444,
    0.0009842915805643156,
    0.0009755282581475769,
    0.0009648882429441258,
    0.0009524135262330099,
    0.0009381533400219318,
    0.0009221639627510075,
    0.0009045084971874736,
    0.0008852566213878945,
    0.0008644843137107056,
    0.0008422735529643443,
    0.0008187119948743448,
    0.0007938926261462366,
    0.0007679133974894982,
    0.0007408768370508576,
    0.0007128896457825362,
    0.0006840622763423389,
    0.0006545084971874735,
    0.0006243449435824271
  ],
  "test_loss": 0.22536015565307757,
  "test_acc": 0.9236222044728435
}