{
  "train_loss": [
    0.973125639975071,
    0.7627347497045994,
    0.6913872087448836,
    0.6565516986350218,
    0.6498993574976921,
    0.6238388123412927,
    0.5990077574799458,
    0.5913830809990565,
    0.5641042926361164,
    0.5595963756740093,
    0.5630635912070672,
    0.5472512991378705,
    0.5308937912136317,
    0.5503873026718696,
    0.5389054016818603,
    0.5388809062987566,
    0.5485388331860304,
    0.5369383110602697,
    0.5606416855951151,
    0.5459697285840909,
    0.5260909597575665,
    0.5188420987874269,
    0.5178628269011776,
    0.5127577541097998,
    0.48530333548784255,
    0.5080147253870964,
    0.504943099434177,
    0.5217859396686156,
    0.5001209163318078,
    0.4946959939524531,
    0.507704009304444,
    0.4918977308124304,
    0.5052636682813366,
    0.48547613178690274,
    0.5137081436018149,
    0.4919863786275188,
    0.48937440165132284,
    0.4796711632559697,
    0.4898112742081285,
    0.4830146718869607,
    0.48905320349832376,
    0.4639643842143317,
    0.4767981870621443,
    0.4850032120024165,
    0.49095221125831207,
    0.46422020247081913,
    0.47392703641951084,
    0.4575800737018387
  ],
  "train_acc": [
    0.6305416666666667,
    0.6928125,
    0.72775,
    0.7357916666666666,
    0.7463125,
    0.7542916666666667,
    0.7582916666666667,
    0.7598541666666667,
    0.7703958333333333,
    0.7745,
    0.7626875,
    0.7726875,
    0.778375,
    0.7775625,
    0.7825208333333333,
    0.7788541666666666,
    0.7788333333333334,
    0.7751666666666667,
    0.7761458333333333,
    0.7806875,
    0.7832291666666666,
    0.7861458333333333,
    0.7883333333333333,
    0.784875,
    0.7936458333333334,
    0.7985833333333333,
    0.7869583333333333,
    0.7853333333333333,
    0.7922291666666667,
    0.7906875,
    0.7881041666666667,
    0.7917291666666667,
    0.7897083333333333,
    0.7986041666666667,
    0.7945833333333333,
    0.790625,
    0.7955,
    0.7900625,
    0.7840416666666666,
    0.8065416666666667,
    0.7920416666666666,
    0.794375,
    0.8052083333333333,
    0.7973541666666667,
    0.7983333333333333,
    0.8010416666666667,
    0.8000416666666667,
    0.804
  ],
  "val_loss": [
    0.6004384121100108,
    0.5039978526035944,
    0.4197251193523407,
    0.42298644558588666,
    0.3793698386748632,
    0.36969279078642525,
    0.40156309521198275,
    0.3682469421029091,
    0.35808798722426094,
    0.37622339511911074,
    0.39243411920468013,
    0.3352338325381279,
    0.3155904107292493,
    0.32384245439370474,
    0.3150701617002487,
    0.3050541105469068,
    0.330805607398351,
    0.3199872773885727,
    0.30957608970006306,
    0.3109080910086632,
    0.3094386396805445,
    0.28982228258252146,
    0.31136095130443575,
    0.2849261456231276,
    0.29203883215785026,
    0.31146065137783685,
    0.2749411930243174,
    0.2876910496354103,
    0.28148594724138576,
    0.28984827222426734,
    0.2744756329059601,
    0.27736381445328395,
    0.2783523461620013,
    0.2718671270509561,
    0.2722926689485709,
    0.2765366512934367,
    0.2667930998702844,
    0.2698268389105797,
    0.2695134896834691,
    0.26463468552629155,
    0.26962745853265124,
    0.26701286125183105,
    0.2599102470576763,
    0.26947960032025975,
    0.2682878137131532,
    0.2660690532227357,
    0.2675936911205451,
    0.26931926934917766
  ],
  "val_acc": [
    0.7828333333333334,
    0.8193333333333334,
    0.8499166666666667,
    0.8415,
    0.86675,
    0.8685833333333334,
    0.8526666666666667,
    0.8643333333333333,
    0.8828333333333334,
    0.8651666666666666,
    0.8546666666666667,
    0.8771666666666667,
    0.88875,
    0.8855833333333333,
    0.8901666666666667,
    0.893,
    0.8829166666666667,
    0.8876666666666667,
    0.88875,
    0.8905,
    0.8985,
    0.8975833333333333,
    0.8885833333333333,
    0.8985,
    0.8990833333333333,
    0.8923333333333333,
    0.90225,
    0.897,
    0.9010833333333333,
    0.8953333333333333,
    0.9056666666666666,
    0.902,
    0.901,
    0.9051666666666667,
    0.9026666666666666,
    0.90525,
    0.9045,
    0.9081666666666667,
    0.9038333333333334,
    0.9048333333333334,
    0.9045833333333333,
    0.909,
    0.9085,
    0.9078333333333334,
    0.9053333333333333,
    0.90625,
    0.9069166666666667,
    0.9061666666666667
  ],
  "learning_rates": [
    0.001,
    0.0009995614150494292,
    0.0009982464296247522,
    0.000996057350657239,
    0.0009929980185352525,
    0.0009890738003669028,
    0.0009842915805643154,
    0.0009786597487660333,
    0.0009721881851187403,
    0.0009648882429441254,
    0.0009567727288213001,
    0.0009478558801197062,
    0.0009381533400219316,
    0.0009276821300802532,
    0.0009164606203550496,
    0.0009045084971874736,
    0.0008918467286629198,
    0.0008784975278258781,
    0.0008644843137107056,
    0.0008498316702566826,
    0.0008345653031794289,
    0.0008187119948743447,
    0.0008022995574311873,
    0.0007853567838422157,
    0.000767913397489498,
    0.0007499999999999997,
    0.0007316480175599306,
    0.000712889645782536,
    0.0006937577932260512,
    0.0006742860236609074,
    0.0006545084971874735,
    0.0006344599103076326,
    0.0006141754350553277,
    0.0005936906572928622,
    0.0005730415142812057,
    0.0005522642316338267,
    0.0005313952597646566,
    0.0005104712099416783,
    0.0004895287900583214,
    0.0004686047402353432,
    0.00044773576836617315,
    0.0004269584857187942,
    0.00040630934270713756,
    0.0003858245649446721,
    0.00036554008969236717,
    0.0003454915028125262,
    0.00032571397633909235,
    0.0003062422067739484
  ],
  "test_loss": 0.2857381910466538,
  "test_acc": 0.8992611821086262
}