{
  "train_loss": [
    0.7920377353131771,
    0.6363169366717338,
    0.5693247766743104,
    0.552530671072503,
    0.5285567468466859,
    0.48904304994891085,
    0.5030799124836922,
    0.50385321435829,
    0.48549074117590985,
    0.46591021519651016,
    0.4602508552695314,
    0.4640650446265936,
    0.46091129555925725,
    0.42850361570964257,
    0.4433429563132425,
    0.4401798323529462,
    0.4304659609210988,
    0.41513217621793347,
    0.41815437936782834,
    0.40440662784626086
  ],
  "train_acc": [
    0.6849791666666667,
    0.7388125,
    0.75375,
    0.7611875,
    0.768,
    0.7749791666666667,
    0.7734583333333334,
    0.7650416666666666,
    0.7800833333333334,
    0.7772916666666667,
    0.779875,
    0.7795,
    0.7787291666666667,
    0.7908541666666666,
    0.7897916666666667,
    0.7990208333333333,
    0.7863541666666667,
    0.7944791666666666,
    0.8052083333333333,
    0.8075416666666667
  ],
  "val_loss": [
    0.38602639218171436,
    0.3191827207406362,
    0.2941670072476069,
    0.28154101165135703,
    0.27115090963244437,
    0.27989886672794817,
    0.24180298925439517,
    0.26607336003581683,
    0.25162838140130045,
    0.23705379438896973,
    0.23320215218762558,
    0.22615318925182024,
    0.23215751132369042,
    0.2391484285046657,
    0.21780491307129463,
    0.22473338674008847,
    0.23044270652532578,
    0.22903999840219816,
    0.21953956621388596,
    0.2280325758655866
  ],
  "val_acc": [
    0.8674166666666666,
    0.8918333333333334,
    0.89875,
    0.9063333333333333,
    0.9095,
    0.89675,
    0.9180833333333334,
    0.9114166666666667,
    0.9145,
    0.9201666666666667,
    0.9175,
    0.9220833333333334,
    0.9176666666666666,
    0.9163333333333333,
    0.923,
    0.9235,
    0.9220833333333334,
    0.9251666666666667,
    0.926,
    0.9254166666666667
  ],
  "learning_rates": [
    0.001,
    0.0009990133642141358,
    0.000996057350657239,
    0.0009911436253643444,
    0.0009842915805643156,
    0.0009755282581475769,
    0.0009648882429441258,
    0.0009524135262330099,
    0.0009381533400219318,
    0.0009221639627510075,
    0.0009045084971874736,
    0.0008852566213878945,
    0.0008644843137107056,
    0.0008422735529643443,
    0.0008187119948743448,
    0.0007938926261462366,
    0.0007679133974894982,
    0.0007408768370508576,
    0.0007128896457825362,
    0.0006840622763423389
  ],
  "test_loss": 0.22877534414632633,
  "test_acc": 0.9217252396166135
}