{
    "train_loss": [
        0.15432930417358875,
        0.14498231379687787,
        0.1426977837185065,
        0.14130068933467071,
        0.14019413767506678,
        0.13928973924616972,
        0.13853132112572591
    ],
    "train_acc": [
        0.9440416666666667,
        0.94775,
        0.9488125,
        0.949125,
        0.9495208333333334,
        0.9497708333333333,
        0.9496875
    ],
    "val_loss": [
        0.22628101324068106,
        0.22359190169880364,
        0.22248610172500002,
        0.221879234577113,
        0.22140568942624203,
        0.22112173291834744,
        0.2208777242637378
    ],
    "val_acc": [
        0.9186336436170213,
        0.9201296542553191,
        0.9210438829787234,
        0.921625664893617,
        0.9215425531914894,
        0.921625664893617,
        0.9214594414893617
    ],
    "test_loss": [
        0.25383765070111886,
        0.2518391772914844,
        0.2511664431565886,
        0.2508141579711513,
        0.25051625072956085,
        0.2503298549040867,
        0.25029657349275175
    ],
    "test_acc": [
        0.9115246815286624,
        0.9116242038216561,
        0.9125199044585988,
        0.9121218152866242,
        0.9125199044585988,
        0.9123208598726115,
        0.9123208598726115
    ]
}