{
    "train_loss": [
        0.1477828601396953,
        0.14080075049462418,
        0.13848018645402044,
        0.136906141611437
    ],
    "train_acc": [
        0.9464375,
        0.9491875,
        0.9499583333333333,
        0.9501458333333334
    ],
    "val_loss": [
        0.2228635159060359,
        0.22125427046666543,
        0.22076344406108062,
        0.22048511228462062
    ],
    "val_acc": [
        0.9195833333333333,
        0.9215833333333333,
        0.92175,
        0.9215
    ],
    "test_loss": [
        0.25133230166432385,
        0.25034349555143726,
        0.25033007462779744,
        0.25002086527955036
    ],
    "test_acc": [
        0.9113418530351438,
        0.9124400958466453,
        0.9130391373801917,
        0.9131389776357828
    ]
}