{
    "train_loss": [
        0.14764963612767557,
        0.14083692775294185,
        0.1384689511982724,
        0.13691516447253524,
        0.13574173072353005,
        0.13481919727660716,
        0.13401853310192624
    ],
    "train_acc": [
        0.9460625,
        0.9491458333333334,
        0.9495833333333333,
        0.9504375,
        0.9507708333333333,
        0.9508958333333334,
        0.9510416666666667
    ],
    "val_loss": [
        0.22264369372278453,
        0.2212938911045591,
        0.22068999374906223,
        0.2201979180028041,
        0.21982695056994755,
        0.21974987961103518,
        0.21961094265431166
    ],
    "val_acc": [
        0.9203333333333333,
        0.9211666666666667,
        0.9215833333333333,
        0.922,
        0.9225,
        0.9226666666666666,
        0.9221666666666667
    ],
    "test_loss": [
        0.25109230750166,
        0.25046828211829686,
        0.24998003606217356,
        0.24996721088743437,
        0.24982107832385136,
        0.24952333558576936,
        0.24960364642353675
    ],
    "test_acc": [
        0.9125399361022364,
        0.9128394568690096,
        0.9125399361022364,
        0.913638178913738,
        0.913638178913738,
        0.9145367412140575,
        0.9144369009584664
    ]
}