{
    "train_loss": [
        0.15134610461692016,
        0.14341356050719817,
        0.14124366631886612,
        0.13975510097046692,
        0.13864748840841154,
        0.137727567559729,
        0.1369455785898802
    ],
    "train_acc": [
        0.9447916666666667,
        0.9483541666666667,
        0.9490625,
        0.9494375,
        0.9497708333333333,
        0.9502291666666667,
        0.9503541666666667
    ],
    "val_loss": [
        0.22468917546917994,
        0.22271520305176576,
        0.22179311510920524,
        0.22126406638820967,
        0.22085807403177024,
        0.2206422664920489,
        0.22042849430938563
    ],
    "val_acc": [
        0.9195833333333333,
        0.9203333333333333,
        0.9210833333333334,
        0.9215833333333333,
        0.9215833333333333,
        0.9216666666666666,
        0.9215833333333333
    ],
    "test_loss": [
        0.2523151974732312,
        0.2511204000764761,
        0.25059724816927514,
        0.25036251699081813,
        0.2501063066811417,
        0.2500738494229107,
        0.2499409835940352
    ],
    "test_acc": [
        0.9121405750798722,
        0.9125399361022364,
        0.9130391373801917,
        0.9128394568690096,
        0.9128394568690096,
        0.9125399361022364,
        0.9127396166134185
    ]
}