{
    "train_loss": [
        0.1541484460880359,
        0.14489562118550142,
        0.1427073037226995,
        0.14127029123405616,
        0.14016789608448743,
        0.13927514408528804,
        0.13851017664869628,
        0.13784516026079655
    ],
    "train_acc": [
        0.9435208333333334,
        0.9475208333333334,
        0.9488541666666667,
        0.9491041666666666,
        0.9493125,
        0.9495833333333333,
        0.9495833333333333,
        0.9500208333333333
    ],
    "val_loss": [
        0.22607702775759267,
        0.22352136776564605,
        0.22251049605535067,
        0.2218232805583071,
        0.22144143247699483,
        0.22112598951826704,
        0.2208701970570899,
        0.22067560863859476
    ],
    "val_acc": [
        0.918467420212766,
        0.9197140957446809,
        0.9206283244680851,
        0.9215425531914894,
        0.9214594414893617,
        0.9217087765957447,
        0.9215425531914894,
        0.921625664893617
    ],
    "test_loss": [
        0.25378633641703113,
        0.251737208597979,
        0.2511582340404486,
        0.2507438881761709,
        0.2505084621203933,
        0.2503288840507246,
        0.2502754079593215,
        0.25021544203257107
    ],
    "test_acc": [
        0.9110270700636943,
        0.9114251592356688,
        0.9124203821656051,
        0.9122213375796179,
        0.9126194267515924,
        0.9121218152866242,
        0.9124203821656051,
        0.912718949044586
    ]
}