{
    "train_loss": [
        0.14984550700088342,
        0.1422164694716533,
        0.13995841648677984,
        0.1384001671349009,
        0.13721404155095418,
        0.1363098382204771
    ],
    "train_acc": [
        0.9452916666666666,
        0.948625,
        0.9494375,
        0.9499583333333333,
        0.9504166666666667,
        0.9503541666666667
    ],
    "val_loss": [
        0.22364292343325437,
        0.22190806321165663,
        0.22112378378973363,
        0.22056017647636064,
        0.22026824967024175,
        0.21998653384520017
    ],
    "val_acc": [
        0.9195478723404256,
        0.921126994680851,
        0.921376329787234,
        0.9217918882978723,
        0.921625664893617,
        0.9225398936170213
    ],
    "test_loss": [
        0.25190039586489366,
        0.2508134189399944,
        0.2502766518740897,
        0.2499706736605638,
        0.24985204907549416,
        0.24975456112319497
    ],
    "test_acc": [
        0.9111265923566879,
        0.9121218152866242,
        0.9120222929936306,
        0.9122213375796179,
        0.9133160828025477,
        0.9121218152866242
    ]
}