{
    "train_loss": [
        0.15141862893818567,
        0.14337196606770158,
        0.14123131519493956,
        0.139746138857988,
        0.13865759298453728,
        0.1377261558721463
    ],
    "train_acc": [
        0.9448333333333333,
        0.9481458333333334,
        0.9491041666666666,
        0.949625,
        0.9497708333333333,
        0.9501458333333334
    ],
    "val_loss": [
        0.22457035720100005,
        0.22265040617187817,
        0.22176164839168389,
        0.22126849210759003,
        0.22080660156657297,
        0.22059403045475484
    ],
    "val_acc": [
        0.9195,
        0.9205,
        0.92125,
        0.9215833333333333,
        0.9215833333333333,
        0.92125
    ],
    "test_loss": [
        0.25226273929801424,
        0.2510690056620695,
        0.2506436831570757,
        0.2502831947713043,
        0.25012691145816357,
        0.24998722411692142
    ],
    "test_acc": [
        0.911841054313099,
        0.9127396166134185,
        0.9128394568690096,
        0.9125399361022364,
        0.9126397763578274,
        0.9126397763578274
    ]
}