{
    "train_loss": [
        0.14959146186709404,
        0.14214438519875208,
        0.13992340273658435,
        0.1383627401640018,
        0.13721749286601942,
        0.1362734119693438,
        0.1355164637590448
    ],
    "train_acc": [
        0.94575,
        0.9489166666666666,
        0.9495416666666666,
        0.9500208333333333,
        0.9500208333333333,
        0.9503541666666667,
        0.9507083333333334
    ],
    "val_loss": [
        0.22353228153859048,
        0.2218598047112848,
        0.22123870828208772,
        0.22068644037589114,
        0.22033914430265097,
        0.22013138769630422,
        0.21991830113086294
    ],
    "val_acc": [
        0.9202127659574468,
        0.9207945478723404,
        0.9214594414893617,
        0.9217918882978723,
        0.921875,
        0.9219581117021277,
        0.9224567819148937
    ],
    "test_loss": [
        0.251857002497099,
        0.250821475437872,
        0.2504428831065536,
        0.25017419903521326,
        0.249919076491693,
        0.25004784264572105,
        0.2497622721419213
    ],
    "test_acc": [
        0.9116242038216561,
        0.9122213375796179,
        0.9124203821656051,
        0.9122213375796179,
        0.9118232484076433,
        0.9131170382165605,
        0.9129179936305732
    ]
}