{
    "train_loss": [
        0.09325255185738206,
        0.07781799156342943,
        0.07112453184005184,
        0.06624340421271821,
        0.06226591894946371,
        0.05911166054282027
    ],
    "train_acc": [
        0.9664166666666667,
        0.9723333333333334,
        0.9744375,
        0.9759583333333334,
        0.9780833333333333,
        0.9792083333333333
    ],
    "val_loss": [
        0.18267700551450253,
        0.1824325917152067,
        0.18123331099934875,
        0.18268580939993262,
        0.18347128247904282,
        0.18533829102665186
    ],
    "val_acc": [
        0.9354166666666667,
        0.9371666666666667,
        0.9383333333333334,
        0.9381666666666667,
        0.939,
        0.93975
    ],
    "test_loss": [
        0.2082474880819075,
        0.20748784910804166,
        0.2054829698058958,
        0.20712584871114395,
        0.20783567194270489,
        0.21039960469110325
    ],
    "test_acc": [
        0.9268170926517572,
        0.9295127795527156,
        0.9300119808306709,
        0.9308107028753994,
        0.9311102236421726,
        0.9323083067092651
    ]
}