{
    "train_loss": [
        0.1004059598588695,
        0.08611661631986499,
        0.07910941853467375,
        0.07531409930530936,
        0.07145182460251574
    ],
    "train_acc": [
        0.963875,
        0.9683333333333334,
        0.9713958333333333,
        0.9732083333333333,
        0.9747083333333333
    ],
    "val_loss": [
        0.18511307825893164,
        0.18237691224366426,
        0.18104680475095908,
        0.18023083286732436,
        0.18191803277283908
    ],
    "val_acc": [
        0.934,
        0.93525,
        0.9356666666666666,
        0.9375833333333333,
        0.938
    ],
    "test_loss": [
        0.21089899920510313,
        0.20803839370560723,
        0.20688798892409943,
        0.20494776229097392,
        0.2060667988844216
    ],
    "test_acc": [
        0.9252196485623003,
        0.9273162939297125,
        0.9276158146964856,
        0.9287140575079872,
        0.9292132587859425
    ]
}