{
    "train_loss": [
        0.1010544588069121,
        0.08694460758070151,
        0.0804894398599863,
        0.07706671298916141,
        0.0736062461088101,
        0.07084693903351824,
        0.06850373859455187,
        0.06636444147614141
    ],
    "train_acc": [
        0.9636458333333333,
        0.96875,
        0.9709583333333334,
        0.9724791666666667,
        0.9740208333333333,
        0.9748541666666667,
        0.9757083333333333,
        0.9765833333333334
    ],
    "val_loss": [
        0.18900351218403655,
        0.18345846379413566,
        0.18197602130710444,
        0.18123104311327667,
        0.1807288902147891,
        0.18095663049198846,
        0.18132968023023072,
        0.18143078659542222
    ],
    "val_acc": [
        0.9325964095744681,
        0.9351728723404256,
        0.9360039893617021,
        0.9369182180851063,
        0.9374168882978723,
        0.9370844414893617,
        0.938248005319149,
        0.9384142287234043
    ],
    "test_loss": [
        0.2148883455688027,
        0.2089686825705372,
        0.207535258832441,
        0.20684889655346703,
        0.20566388188748602,
        0.20587066660641104,
        0.20617776563402954,
        0.2062976072026286
    ],
    "test_acc": [
        0.9238654458598726,
        0.9259554140127388,
        0.9267515923566879,
        0.9278463375796179,
        0.9280453821656051,
        0.9290406050955414,
        0.9289410828025477,
        0.9296377388535032
    ]
}