{
    "train_loss": [
        0.10062137539032846,
        0.08518574795033783,
        0.07916263061451415,
        0.0752172006725644,
        0.07225681247243969
    ],
    "train_acc": [
        0.9634791666666667,
        0.969875,
        0.9721041666666667,
        0.97325,
        0.9743125
    ],
    "val_loss": [
        0.18638758541643619,
        0.1820769040522476,
        0.18164734756698211,
        0.1814289581005772,
        0.18120670330276092
    ],
    "val_acc": [
        0.9341666666666667,
        0.93575,
        0.9364166666666667,
        0.937,
        0.9380833333333334
    ],
    "test_loss": [
        0.21161649790042028,
        0.20664951633721496,
        0.20669100472566704,
        0.20599254296449854,
        0.20647026321288353
    ],
    "test_acc": [
        0.9253194888178914,
        0.9281150159744409,
        0.9280151757188498,
        0.9294129392971247,
        0.9291134185303515
    ]
}