{
    "train_loss": [
        0.0931742803590993,
        0.07796250947114701,
        0.0714197426745668,
        0.06673455685501298
    ],
    "train_acc": [
        0.965875,
        0.972125,
        0.9749791666666666,
        0.9755833333333334
    ],
    "val_loss": [
        0.18315398587659001,
        0.1805899907387793,
        0.18338596268494925,
        0.1821473729107529
    ],
    "val_acc": [
        0.9358333333333333,
        0.9375833333333333,
        0.9375833333333333,
        0.9385833333333333
    ],
    "test_loss": [
        0.20888261675400238,
        0.20447786392185824,
        0.2091068150416112,
        0.20716307733874448
    ],
    "test_acc": [
        0.926417731629393,
        0.9290135782747604,
        0.9288138977635783,
        0.9311102236421726
    ]
}