{
    "train_loss": [
        0.09352456283569335,
        0.07929899102573594,
        0.07240611606960495,
        0.06815685757560035
    ],
    "train_acc": [
        0.966,
        0.9718125,
        0.9738125,
        0.97575
    ],
    "val_loss": [
        0.18400941455261188,
        0.18144541649405468,
        0.1810209893155843,
        0.1820930694378516
    ],
    "val_acc": [
        0.9355053191489362,
        0.9370844414893617,
        0.9376662234042553,
        0.937998670212766
    ],
    "test_loss": [
        0.20982479014594085,
        0.20636419026525157,
        0.20559960964379037,
        0.20675773328988795
    ],
    "test_acc": [
        0.9260549363057324,
        0.9286425159235668,
        0.9282444267515924,
        0.9293391719745223
    ]
}