{
    "train_loss": [
        0.09450652850791812,
        0.07884420807411273,
        0.07289764849220713,
        0.06867573894063632,
        0.0646899165318658
    ],
    "train_acc": [
        0.9662291666666667,
        0.9718541666666667,
        0.9737291666666666,
        0.9753333333333334,
        0.9771458333333334
    ],
    "val_loss": [
        0.18419044934450945,
        0.1817066376394731,
        0.18128265361202525,
        0.1812981069187059,
        0.18196418576259563
    ],
    "val_acc": [
        0.9345079787234043,
        0.9368351063829787,
        0.9379155585106383,
        0.9378324468085106,
        0.9390791223404256
    ],
    "test_loss": [
        0.20967615907121995,
        0.20703827773642008,
        0.20622986285787098,
        0.20598488736446877,
        0.20705314462257038
    ],
    "test_acc": [
        0.9265525477707006,
        0.9282444267515924,
        0.9290406050955414,
        0.9293391719745223,
        0.9312300955414012
    ]
}