{
    "train_loss": [
        0.10043376434097688,
        0.08672311510642369,
        0.08051889238444468,
        0.07698691432985166,
        0.074215342707932,
        0.07081687504798174,
        0.06849245404203733
    ],
    "train_acc": [
        0.9631666666666666,
        0.968625,
        0.9713958333333333,
        0.9723958333333333,
        0.9734166666666667,
        0.9751666666666666,
        0.9753333333333334
    ],
    "val_loss": [
        0.18894716090661415,
        0.18324024587909274,
        0.18209545633834887,
        0.1822439757512605,
        0.18021282793934199,
        0.1805603014245788,
        0.18089923008959344
    ],
    "val_acc": [
        0.9335106382978723,
        0.9356715425531915,
        0.9360871010638298,
        0.9365026595744681,
        0.9378324468085106,
        0.937749335106383,
        0.9384142287234043
    ],
    "test_loss": [
        0.21509055811081343,
        0.2091538806084045,
        0.2075978481940403,
        0.20751146437113832,
        0.2045075902418726,
        0.20536903449731647,
        0.20550645567524206
    ],
    "test_acc": [
        0.9242635350318471,
        0.9263535031847133,
        0.9266520700636943,
        0.9280453821656051,
        0.9287420382165605,
        0.9290406050955414,
        0.9290406050955414
    ]
}