{
    "train_loss": [
        0.17767100566377242,
        0.1679703489697228,
        0.16497361639142036,
        0.1632133040217062,
        0.16197452847287058,
        0.16094045706962545,
        0.16004158102100094
    ],
    "train_acc": [
        0.9352916666666666,
        0.9400416666666667,
        0.94125,
        0.9419583333333333,
        0.9425,
        0.9429375,
        0.9427916666666667
    ],
    "val_loss": [
        0.23039818199972312,
        0.22631540203094483,
        0.2247976484944423,
        0.2239738748371601,
        0.22329318399478992,
        0.22278067969034115,
        0.22242930641770361
    ],
    "val_acc": [
        0.918,
        0.92025,
        0.9204166666666667,
        0.921,
        0.9213333333333333,
        0.92075,
        0.9209166666666667
    ],
    "test_loss": [
        0.25597855668312636,
        0.25160361471148535,
        0.25025524482273825,
        0.24967068835450246,
        0.2490097722722985,
        0.24843728401885626,
        0.24821637243556138
    ],
    "test_acc": [
        0.9084464856230032,
        0.9102436102236422,
        0.9104432907348243,
        0.9110423322683706,
        0.9112420127795527,
        0.9114416932907349,
        0.911841054313099
    ]
}