{
    "train_loss": [
        0.18041674885650477,
        0.17049809987843037,
        0.16695330334454775,
        0.16498845358689626,
        0.16364839408298334,
        0.16262690766652424,
        0.16177681363622348,
        0.1610272195339203
    ],
    "train_acc": [
        0.9337083333333334,
        0.9383541666666667,
        0.9404375,
        0.9412708333333333,
        0.9416875,
        0.9418333333333333,
        0.9423541666666667,
        0.9426666666666667
    ],
    "val_loss": [
        0.2337052298590858,
        0.22871170617005926,
        0.22644016219976734,
        0.22527134687976635,
        0.22458382149008996,
        0.22400757822980907,
        0.2235744362895159,
        0.22324881879018343
    ],
    "val_acc": [
        0.9167220744680851,
        0.9183011968085106,
        0.9197140957446809,
        0.9199634308510638,
        0.9207945478723404,
        0.9208776595744681,
        0.9212932180851063,
        0.9209607712765957
    ],
    "test_loss": [
        0.25886244995958485,
        0.25361329022866147,
        0.25116045175084645,
        0.24991757517597477,
        0.24946886082743383,
        0.24888642008896847,
        0.24866902258745424,
        0.24840240778437087
    ],
    "test_acc": [
        0.9069466560509554,
        0.9093351910828026,
        0.9102308917197452,
        0.9109275477707006,
        0.910828025477707,
        0.9110270700636943,
        0.9111265923566879,
        0.9117237261146497
    ]
}