{
    "train_loss": [
        0.1801990735878547,
        0.17036916299661,
        0.16683651992678641,
        0.16495877738296985,
        0.1636383067369461,
        0.16260542862613997,
        0.1617568787187338,
        0.1610169235865275,
        0.16034652512768904,
        0.15976875324050585
    ],
    "train_acc": [
        0.9345208333333334,
        0.9385208333333334,
        0.9404791666666666,
        0.9413958333333333,
        0.9415208333333334,
        0.942,
        0.9422083333333333,
        0.9425208333333334,
        0.9429375,
        0.9429791666666667
    ],
    "val_loss": [
        0.23364136867383692,
        0.228437500986013,
        0.2263422488690691,
        0.22519950687568238,
        0.2245186590490506,
        0.22400918965564764,
        0.22359571443434725,
        0.22321693916270074,
        0.22289875001111564,
        0.22269331433988632
    ],
    "val_acc": [
        0.9165558510638298,
        0.9186336436170213,
        0.9201296542553191,
        0.9200465425531915,
        0.9206283244680851,
        0.9207945478723404,
        0.9208776595744681,
        0.9208776595744681,
        0.9207945478723404,
        0.9207945478723404
    ],
    "test_loss": [
        0.25888348911788056,
        0.2532258530616001,
        0.2509710212611848,
        0.24990917267693077,
        0.24941829743848484,
        0.24899976458519127,
        0.24866074043664205,
        0.24838996958580745,
        0.24793238311436525,
        0.24794734245652605
    ],
    "test_acc": [
        0.9071457006369427,
        0.9091361464968153,
        0.9104299363057324,
        0.9107285031847133,
        0.9105294585987261,
        0.9115246815286624,
        0.9112261146496815,
        0.9114251592356688,
        0.9117237261146497,
        0.9116242038216561
    ]
}