{
    "train_loss": [
        0.1759055935740471,
        0.1662242445796728,
        0.1633568028161923,
        0.16166028757890066,
        0.1602720000098149,
        0.15920982347925505,
        0.15832299621403217,
        0.15752524186174074,
        0.15685875884691874,
        0.15622676339248817
    ],
    "train_acc": [
        0.9359375,
        0.9403958333333333,
        0.9417916666666667,
        0.942625,
        0.9430208333333333,
        0.9431041666666666,
        0.94375,
        0.9442291666666667,
        0.9444166666666667,
        0.9446666666666667
    ],
    "val_loss": [
        0.2288967080889864,
        0.22516533894900312,
        0.22400064746591639,
        0.22326741165461692,
        0.22276182056582988,
        0.22227970102524502,
        0.2217578586151308,
        0.22151708487976104,
        0.22127488960928104,
        0.22122232372218625
    ],
    "val_acc": [
        0.918716755319149,
        0.9197972074468085,
        0.9207114361702128,
        0.9203789893617021,
        0.9208776595744681,
        0.9204621010638298,
        0.9200465425531915,
        0.9207114361702128,
        0.9203789893617021,
        0.921126994680851
    ],
    "test_loss": [
        0.25387946668134376,
        0.25007932025725677,
        0.2488266265221462,
        0.2483452397167303,
        0.24819608787252645,
        0.2473499398132798,
        0.2469206228852272,
        0.2468447159430024,
        0.24649016805894816,
        0.246643697570084
    ],
    "test_acc": [
        0.9094347133757962,
        0.9106289808917197,
        0.9112261146496815,
        0.9112261146496815,
        0.9116242038216561,
        0.9120222929936306,
        0.9114251592356688,
        0.911922770700637,
        0.9122213375796179,
        0.912718949044586
    ]
}