{
    "train_loss": [
        0.17564054880539576,
        0.16619369228184222,
        0.1633949601997932,
        0.16161152450243632,
        0.16031044430534044,
        0.15922550898542007,
        0.15834636103113492
    ],
    "train_acc": [
        0.9363958333333333,
        0.94075,
        0.9418125,
        0.9425416666666667,
        0.9427708333333333,
        0.9432291666666667,
        0.9435833333333333
    ],
    "val_loss": [
        0.22863880626143926,
        0.22520091828513653,
        0.22401642288140794,
        0.223181901816675,
        0.22273421858219392,
        0.22222648687819216,
        0.2218894812258634
    ],
    "val_acc": [
        0.9186336436170213,
        0.9202127659574468,
        0.9206283244680851,
        0.9208776595744681,
        0.9208776595744681,
        0.9206283244680851,
        0.9202127659574468
    ],
    "test_loss": [
        0.25356351247259007,
        0.2500321390997073,
        0.24880731509179826,
        0.24842082785003505,
        0.24795282760243506,
        0.24733009550032342,
        0.24723638774483067
    ],
    "test_acc": [
        0.9093351910828026,
        0.9106289808917197,
        0.9110270700636943,
        0.9112261146496815,
        0.911922770700637,
        0.911922770700637,
        0.9120222929936306
    ]
}