{
    "train_loss": [
        0.172963951598232,
        0.16446186501719057,
        0.16177172021195294,
        0.1599984585099543,
        0.15867521244442712,
        0.15754309280216694,
        0.1566005048000564,
        0.1558157665959249,
        0.15511826261753836,
        0.15440341939466695
    ],
    "train_acc": [
        0.9376458333333333,
        0.9414583333333333,
        0.9422083333333333,
        0.9427291666666666,
        0.9435416666666666,
        0.9440208333333333,
        0.9449166666666666,
        0.9445833333333333,
        0.945125,
        0.9453958333333333
    ],
    "val_loss": [
        0.22635900081197421,
        0.22367968696852525,
        0.222623347774148,
        0.22217727041989566,
        0.22152859033644198,
        0.22113469101985295,
        0.22103263869881629,
        0.2205097794830799,
        0.2205708572914203,
        0.2201221821953853
    ],
    "val_acc": [
        0.9191666666666667,
        0.921,
        0.9204166666666667,
        0.9206666666666666,
        0.9203333333333333,
        0.9205,
        0.92075,
        0.9209166666666667,
        0.9211666666666667,
        0.9205
    ],
    "test_loss": [
        0.2515808318833859,
        0.24916889960059344,
        0.2484013227085336,
        0.24806381829273397,
        0.24732609172931874,
        0.24704262370856617,
        0.24707152412984126,
        0.2464372244583199,
        0.2466217279761506,
        0.24586360232113078
    ],
    "test_acc": [
        0.9103434504792333,
        0.9104432907348243,
        0.9115415335463258,
        0.911841054313099,
        0.9114416932907349,
        0.9121405750798722,
        0.9127396166134185,
        0.9123402555910544,
        0.9131389776357828,
        0.9130391373801917
    ]
}