{
    "train_loss": [
        0.17306938666974506,
        0.16446278453990817,
        0.16171474757355947,
        0.15998794184687237,
        0.15864977653572956,
        0.15754443001933396
    ],
    "train_acc": [
        0.9375416666666667,
        0.9416041666666667,
        0.9424791666666666,
        0.9430625,
        0.9437083333333334,
        0.944125
    ],
    "val_loss": [
        0.2263920914630095,
        0.2239692243685325,
        0.2230393319974343,
        0.2222814786285162,
        0.2216652103786667,
        0.22129971189300218
    ],
    "val_acc": [
        0.9196666666666666,
        0.9206666666666666,
        0.9206666666666666,
        0.9206666666666666,
        0.921,
        0.92075
    ],
    "test_loss": [
        0.2515655474398083,
        0.2495609000741769,
        0.24858006859382692,
        0.24828693457542897,
        0.2476521182043579,
        0.24741090819858513
    ],
    "test_acc": [
        0.9096445686900958,
        0.9115415335463258,
        0.9115415335463258,
        0.9113418530351438,
        0.911841054313099,
        0.9123402555910544
    ]
}