{
    "train_loss": [
        0.17789650226508577,
        0.1679978529556344,
        0.1649674086694916,
        0.16317580763654163,
        0.1619503161975493,
        0.16090999303633968,
        0.16002660034845273,
        0.1592657070371012,
        0.15861194094705086,
        0.15799522879191985
    ],
    "train_acc": [
        0.9355833333333333,
        0.9398541666666667,
        0.9410208333333333,
        0.9417708333333333,
        0.9424375,
        0.9428958333333334,
        0.9429166666666666,
        0.9434375,
        0.9435833333333333,
        0.9439166666666666
    ],
    "val_loss": [
        0.23051022612055141,
        0.2262565748045842,
        0.22471403561532496,
        0.22384924359122912,
        0.22322677307327587,
        0.22274293292562167,
        0.222371620858709,
        0.2220650119408965,
        0.2218012736166517,
        0.2216678771028916
    ],
    "val_acc": [
        0.9180833333333334,
        0.9199166666666667,
        0.9203333333333333,
        0.9210833333333334,
        0.921,
        0.9203333333333333,
        0.9205833333333333,
        0.9205833333333333,
        0.9205833333333333,
        0.9208333333333333
    ],
    "test_loss": [
        0.2560080125237616,
        0.2515208711401342,
        0.2500671172520509,
        0.24943228019550204,
        0.2488578167586281,
        0.248388915896987,
        0.24805328554619616,
        0.24777270051927422,
        0.24768163719044897,
        0.24773521154238204
    ],
    "test_acc": [
        0.908047124600639,
        0.909944089456869,
        0.9106429712460063,
        0.9113418530351438,
        0.9110423322683706,
        0.9115415335463258,
        0.911841054313099,
        0.911741214057508,
        0.911841054313099,
        0.9120407348242812
    ]
}